"Time","6-DOF Body Translation Monitor: 6-DOF Body Translation Monitor (m)"
0.1,2.4156418407530208E-5
0.2,2.137433274835944E-5
0.30000000000000004,-2.1812382305032433E-5
0.4,-4.975666274827929E-5
0.5,-7.654692113050748E-5
0.6,-1.0746373854577697E-4
0.7,-1.3988130160687222E-4
0.7999999999999999,-1.7442626612244758E-4
0.8999999999999999,-2.1139731949161545E-4
0.9999999999999999,-2.5026852418596676E-4
1.0999999999999999,-2.9010472562294244E-4
1.2,-3.2896605374620685E-4
1.3,-3.6516092973007207E-4
1.4000000000000001,-3.972476630859338E-4
1.5000000000000002,-4.234054772961064E-4
1.6000000000000003,-4.426602316556081E-4
1.7000000000000004,-4.5467529844678403E-4
1.8000000000000005,-4.591277411264412E-4
1.9000000000000006,-4.5601122817721197E-4
2.0000000000000004,-4.4598314018908983E-4
2.1000000000000005,-4.303288705060987E-4
2.2000000000000006,-4.109961961644985E-4
2.3000000000000007,-3.9089271383035794E-4
2.400000000000001,-3.7382492910799267E-4
2.500000000000001,-3.644764362195571E-4
2.600000000000001,-3.6848176236353296E-4
2.700000000000001,-3.921766748682724E-4
2.800000000000001,-4.4256811176999214E-4
2.9000000000000012,-5.274662463140272E-4
3.0000000000000013,-6.554185621510128E-4
3.1000000000000014,-8.359412041391803E-4
3.2000000000000015,-0.0010796763650702279
3.3000000000000016,-0.0013982095236053998
3.4000000000000017,-0.00180413968262472
3.5000000000000018,-0.002311079028118257
3.600000000000002,-0.002933577210068974
3.700000000000002,-0.003687137276615655
3.800000000000002,-0.004588257391560598
3.900000000000002,-0.005654377351014781
4.000000000000002,-0.006903761176209962
4.100000000000001,-0.008355518422140315
4.200000000000001,-0.01002954018957146
4.300000000000001,-0.01194640129434689
4.4,-0.014127332065022955
4.5,-0.01659419755788943
4.6,-0.019369460375294724
4.699999999999999,-0.022476333731263863
4.799999999999999,-0.025938436221372034
4.899999999999999,-0.0297795298067617
4.999999999999998,-0.03402398104558072
5.099999999999998,-0.03869633525945566
5.1999999999999975,-0.043820945122554036
5.299999999999997,-0.04942224836902486
5.399999999999997,-0.05552435287310151
5.4999999999999964,-0.06215074473420609
5.599999999999996,-0.06932442080040518
5.699999999999996,-0.0770672599052176
5.799999999999995,-0.0853999373586622
5.899999999999995,-0.09434156905613217
5.999999999999995,-0.10390908739372631
6.099999999999994,-0.11411761204150944
6.199999999999994,-0.12497973905758886
6.299999999999994,-0.13650516759098025
6.399999999999993,-0.14870086644229258
6.499999999999993,-0.16157072812021017
6.5999999999999925,-0.17511514475120837
6.699999999999992,-0.18933054856380793
6.799999999999992,-0.20420907314697437
6.8999999999999915,-0.21973816378238692
6.999999999999991,-0.2359000507525451
7.099999999999991,-0.25267091659170404
7.19999999999999,-0.27001892129584204
7.29999999999999,-0.2879027333246171
7.39999999999999,-0.3062706348495522
7.499999999999989,-0.3250584144263265
7.599999999999989,-0.3441886875890416
7.699999999999989,-0.3635713621559655
7.799999999999988,-0.38310346259132727
7.899999999999988,-0.402670997512482
7.999999999999988,-0.42215213987790634
8.099999999999987,-0.44142006767858966
8.199999999999987,-0.4603452480597355
8.299999999999986,-0.47879958321371313
8.399999999999986,-0.4966592941814193
8.499999999999986,-0.5138055690741455
8.599999999999985,-0.5301277402642115
8.699999999999985,-0.5455249770027482
8.799999999999985,-0.5599073966490833
8.899999999999984,-0.5731967193465437
8.999999999999984,-0.5853251995330702
9.099999999999984,-0.5962344667310798
9.199999999999983,-0.6058745385573827
9.299999999999983,-0.6142036118074305
9.399999999999983,-0.6211873853336665
9.499999999999982,-0.6267971396063224
9.599999999999982,-0.6310054755845141
9.699999999999982,-0.6337856690075067
9.799999999999981,-0.6351121558484805
9.89999999999998,-0.6349590907547182
9.99999999999998,-0.6333024082924468
10.09999999999998,-0.6301194980448658
10.19999999999998,-0.6253887685631244
10.29999999999998,-0.6190923049264881
10.399999999999979,-0.6112166150517608
10.499999999999979,-0.601752138571885
10.599999999999978,-0.590694315003263
10.699999999999978,-0.5780450897070957
10.799999999999978,-0.5638129772155873
10.899999999999977,-0.5480118841444439
10.999999999999977,-0.5306625110087444
11.099999999999977,-0.511792645019818
11.199999999999976,-0.4914347596723278
11.299999999999976,-0.4696261733294563
11.399999999999975,-0.44640910771163994
11.499999999999975,-0.42182742432337134
11.599999999999975,-0.3959246847743146
11.699999999999974,-0.36874393275258477
11.799999999999974,-0.3403252517509052
11.899999999999974,-0.31070315013441707
11.999999999999973,-0.2799047519051627
12.099999999999973,-0.2479480630780459
12.199999999999973,-0.2148398937711359
12.299999999999972,-0.18057424015332507
12.399999999999972,-0.14513158819070718
12.499999999999972,-0.10847864203364063
12.599999999999971,-0.0705692999955981
12.69999999999997,-0.03134647328285879
12.79999999999997,0.00925574631118177
12.89999999999997,0.05130965227295428
12.99999999999997,0.09488881384587247
13.09999999999997,0.1400636784849063
13.199999999999969,0.18689742696018966
13.299999999999969,0.2354408730474306
13.399999999999968,0.28572885292502415
13.499999999999968,0.3377737072272625
13.599999999999968,0.3915603585792597
13.699999999999967,0.4470423828875017
13.799999999999967,0.5041388693502089
13.899999999999967,0.5627331218296571
13.999999999999966,0.6226708460609733
14.099999999999966,0.6837575138464899
14.199999999999966,0.7457586186130102
14.299999999999965,0.808396559160826
14.399999999999965,0.8713393587405006
14.499999999999964,0.9341886682699962
14.599999999999964,0.9964836245696802
14.699999999999964,1.0577271033696185
14.799999999999963,1.1174046249335308
14.899999999999963,1.1749923440617043
14.999999999999963,1.2299706840043576
15.099999999999962,1.2818476320702346
15.199999999999962,1.3301802680235704
15.299999999999962,1.3745720221518862
15.399999999999961,1.4146774844330965
15.499999999999961,1.4502215168766286
15.59999999999996,1.48099941591985
15.69999999999996,1.506868330432503
15.79999999999996,1.527730137568117
15.89999999999996,1.5435108437788068
15.99999999999996,1.554161889229973
16.09999999999996,1.5596739982118595
16.19999999999996,1.5600725596384382
16.29999999999996,1.5554186858391308
16.399999999999963,1.545802870026628
16.499999999999964,1.5313279906951935
16.599999999999966,1.5121214015142928
16.699999999999967,1.4883338453642194
16.79999999999997,1.4601229224283132
16.89999999999997,1.4276606895453174
16.99999999999997,1.3911439524554319
17.099999999999973,1.3508035280360982
17.199999999999974,1.3069041473724097
17.299999999999976,1.2597506748851557
17.399999999999977,1.2096831803320502
17.49999999999998,1.157035101667399
17.59999999999998,1.102135330569373
17.69999999999998,1.0453339132815167
17.799999999999983,0.986995131173318
17.899999999999984,0.9274727107645728
17.999999999999986,0.8670958622744543
18.099999999999987,0.806172439328524
18.19999999999999,0.7449979019525971
18.29999999999999,0.6838471863899863
18.39999999999999,0.6229618443645776
18.499999999999993,0.5625414804663318
18.599999999999994,0.5027340007076042
18.699999999999996,0.44362787398940023
18.799999999999997,0.38524430677204075
18.9,0.3275390640666886
19.0,0.27040286127457347
19.1,0.21366193899925603
19.200000000000003,0.15708590619870988
19.300000000000004,0.1004047085325922
19.400000000000006,0.04332969260008148
19.500000000000007,-0.01442853675668257
19.60000000000001,-0.07314373442349836
19.70000000000001,-0.1330587502053867
19.80000000000001,-0.19437400528352586
19.900000000000013,-0.25724025994758926
20.000000000000014,-0.3217530179673401
20.100000000000016,-0.38795011588083084
20.200000000000017,-0.455811728370862
20.30000000000002,-0.5252590890938434
20.40000000000002,-0.5961549849769954
20.50000000000002,-0.6683059239868685
20.600000000000023,-0.7414703149757815
20.700000000000024,-0.8153676901076161
20.800000000000026,-0.8896821104183911
20.900000000000027,-0.9640637709993203
21.00000000000003,-1.0381324181348406
21.10000000000003,-1.111467001101438
21.20000000000003,-1.1836090504104102
21.300000000000033,-1.2540606723595762
21.400000000000034,-1.3222810885415184
21.500000000000036,-1.387761338108909
21.600000000000037,-1.4500446961034523
21.70000000000004,-1.5086709731999084
21.80000000000004,-1.5632051645256824
21.90000000000004,-1.6132912034215474
22.000000000000043,-1.6586556995158932
22.100000000000044,-1.6990903200549803
22.200000000000045,-1.7344364192111617
22.300000000000047,-1.7645696325516134
22.40000000000005,-1.7893819322791191
22.50000000000005,-1.8088187928167354
22.60000000000005,-1.8229091869294616
22.700000000000053,-1.8317230735953918
22.800000000000054,-1.8353449061099987
22.900000000000055,-1.8338773530734185
23.000000000000057,-1.827446293102428
23.10000000000006,-1.8161997905143166
23.20000000000006,-1.8003047889171384
23.30000000000006,-1.7799542819671492
23.400000000000063,-1.7553604559442832
23.500000000000064,-1.7267384911121704
23.600000000000065,-1.69433385839385
23.700000000000067,-1.658401977461354
23.800000000000068,-1.6191742041100456
23.90000000000007,-1.5768815684838404
24.00000000000007,-1.5317514772417513
24.100000000000072,-1.4840074656097801
24.200000000000074,-1.433879542521926
24.300000000000075,-1.3816015783950812
24.400000000000077,-1.327416226935399
24.500000000000078,-1.2715750837467878
24.60000000000008,-1.214320380885634
24.70000000000008,-1.1558599944584795
24.800000000000082,-1.0963793645449043
24.900000000000084,-1.036078132907938
25.000000000000085,-0.9751613557224453
25.100000000000087,-0.9138172597240564
25.200000000000088,-0.8522102937844286
25.30000000000009,-0.790482698016027
25.40000000000009,-0.7287676417577594
25.500000000000092,-0.6671866585202146
25.600000000000094,-0.6058374528746449
25.700000000000095,-0.5447898663832734
25.800000000000097,-0.48408610688167547
25.900000000000098,-0.42374017187913404
26.0000000000001,-0.3637288716077598
26.1000000000001,-0.303986322456848
26.200000000000102,-0.244403765606571
26.300000000000104,-0.18482892919433616
26.400000000000105,-0.12506930985881476
26.500000000000107,-0.06490605567180568
26.600000000000108,-0.004110209605025783
26.70000000000011,0.057542804601704814
26.80000000000011,0.12025947131545572
26.900000000000112,0.18421437257587087
27.000000000000114,0.2495387658391356
27.100000000000115,0.3163134678876673
27.200000000000117,0.3845630211553262
27.300000000000118,0.45425299571863625
27.40000000000012,0.5252907508822562
27.50000000000012,0.597527892912248
27.600000000000122,0.6707611021572524
27.700000000000124,0.7447414860122897
27.800000000000125,0.8191852077313271
27.900000000000126,0.8937673448122369
28.000000000000128,0.9681129763376427
28.10000000000013,1.0417955420213663
28.20000000000013,1.1143436470491266
28.300000000000132,1.185246199938212
28.400000000000134,1.25395236161076
28.500000000000135,1.31990057747052
28.600000000000136,1.382581958760353
28.700000000000138,1.4415240385549788
28.80000000000014,1.4962582463025846
28.90000000000014,1.546366459567582
29.000000000000142,1.591517581391884
29.100000000000144,1.6314584502808316
29.200000000000145,1.6659874826055256
29.300000000000146,1.6949513227318262
29.400000000000148,1.7182348225101645
29.50000000000015,1.7357387097013985
29.60000000000015,1.7474020953190144
29.700000000000152,1.7532270228101485
29.800000000000153,1.7532754540305422
29.900000000000155,1.7476577702231237
30.000000000000156,1.7365152171560165
30.100000000000158,1.7200170838070326
30.20000000000016,1.6983528946784676
30.30000000000016,1.6717358222093952
30.400000000000162,1.6404099739723441
30.500000000000163,1.6046167891165881
30.600000000000165,1.5646055736253317
30.700000000000166,1.5206437631294734
30.800000000000168,1.472993724234361
30.90000000000017,1.4219327250379221
31.00000000000017,1.3677551388065274
31.100000000000172,1.310787789838485
31.200000000000173,1.2514054599105522
31.300000000000175,1.1899948098332065
31.400000000000176,1.1269069884178344
31.500000000000178,1.0624800863807013
31.60000000000018,0.997073923448077
31.70000000000018,0.9310363012174382
31.800000000000182,0.8646730897732741
31.900000000000183,0.7982548129774215
32.000000000000185,0.7320362314459368
32.100000000000186,0.6662456981713056
32.20000000000019,0.6010701749586826
32.30000000000019,0.536648346444575
32.40000000000019,0.4730609919831214
32.50000000000019,0.4103237054228044
32.60000000000019,0.34838452304270984
32.700000000000195,0.287129412218159
32.800000000000196,0.22638222001023606
32.9000000000002,0.16590671153633058
33.0000000000002,0.10542334506518672
33.1000000000002,0.0446344097766038
33.2000000000002,-0.01675612663448591
33.3000000000002,-0.07902505406116973
33.400000000000205,-0.14241229511405323
33.500000000000206,-0.20710824398833855
33.60000000000021,-0.2732462947027252
33.70000000000021,-0.3408997042781352
33.80000000000021,-0.4100808425133406
33.90000000000021,-0.4807396055421148
34.00000000000021,-0.5527658473346443
34.100000000000215,-0.6259896083802455
34.200000000000216,-0.7001867631477972
34.30000000000022,-0.775093118553017
34.40000000000022,-0.8504058011194013
34.50000000000022,-0.9257861054794682
34.60000000000022,-1.0008678202147716
34.70000000000022,-1.0752494378193083
34.800000000000225,-1.1484890568989468
34.900000000000226,-1.220110346882704
35.00000000000023,-1.289587580879369
35.10000000000023,-1.3563807549041234
35.20000000000023,-1.420010317138062
35.30000000000023,-1.4800230514048414
35.40000000000023,-1.5359592581312695
35.500000000000234,-1.587418676094187
35.600000000000236,-1.6340890484009498
35.70000000000024,-1.675733134587749
35.80000000000024,-1.7121643580341503
35.90000000000024,-1.7432384135071957
36.00000000000024,-1.768832233711297
36.10000000000024,-1.7888501132433692
36.200000000000244,-1.8032852861167068
36.300000000000246,-1.812192074481725
36.40000000000025,-1.815639922917623
36.50000000000025,-1.8137235990432568
36.60000000000025,-1.806567134721649
36.70000000000025,-1.7943208136692326
36.80000000000025,-1.7771664812239483
36.900000000000254,-1.7553068773736944
37.000000000000256,-1.7289575650328504
37.10000000000026,-1.6983763782664996
37.20000000000026,-1.6638399459482744
37.30000000000026,-1.6256052260743632
37.40000000000026,-1.583929799354849
37.50000000000026,-1.539075114875255
37.600000000000264,-1.4913014757432301
37.700000000000266,-1.44087762988977
37.80000000000027,-1.3880780987839263
37.90000000000027,-1.3331911603775997
38.00000000000027,-1.2765184752772132
38.10000000000027,-1.2183520207200456
38.20000000000027,-1.1589485991962116
38.300000000000274,-1.098534065065956
38.400000000000276,-1.0373458217936677
38.50000000000028,-0.9756276088994991
38.60000000000028,-0.9135997022316239
38.70000000000028,-0.8514497604796385
38.80000000000028,-0.7893375715232429
38.90000000000028,-0.727410068778718
39.000000000000284,-0.6657953961242343
39.100000000000286,-0.6045910946031992
39.20000000000029,-0.5438625472485993
39.30000000000029,-0.48364226566821217
39.40000000000029,-0.42393028063502836
39.50000000000029,-0.3646876729267473
39.60000000000029,-0.3058314308775747
39.700000000000294,-0.2472355405620894
39.800000000000296,-0.18873192543031997
39.9000000000003,-0.13011492949886921
40.0000000000003,-0.07115375399199818
40.1000000000003,-0.011607442355273029
40.2000000000003,0.04875954273206137
40.3000000000003,0.11016456613874234
40.400000000000304,0.17279477232397306
40.500000000000306,0.23679564395952477
40.60000000000031,0.3022634233693167
40.70000000000031,0.36923899605232063
40.80000000000031,0.4377048364127076
40.90000000000031,0.5075840803944068
41.00000000000031,0.5787421918880329
41.100000000000314,0.6509907095125098
41.200000000000315,0.7240947660789174
41.30000000000032,0.7977863526649382
41.40000000000032,0.8717637122923902
41.50000000000032,0.9456823213266606
41.60000000000032,1.0191549403183886
41.70000000000032,1.091754737798833
41.800000000000324,1.1630136032405254
41.900000000000325,1.232420162004503
42.00000000000033,1.2994379262092026
42.10000000000033,1.3635592051346377
42.20000000000033,1.42432506058501
42.30000000000033,1.4812827815165728
42.40000000000033,1.5339944869803066
42.500000000000334,1.5820894083583374
42.600000000000335,1.6252817072157737
42.70000000000034,1.6633462307365627
42.80000000000034,1.6960916914094604
42.90000000000034,1.723378360628872
43.00000000000034,1.7450979741472437
43.10000000000034,1.7611603464406835
43.200000000000344,1.7715261294029274
43.300000000000345,1.7762115390542506
43.40000000000035,1.7752844558900729
43.50000000000035,1.768857314941008
43.60000000000035,1.7570703491723347
43.70000000000035,1.740082299346611
43.80000000000035,1.718080507665333
43.900000000000354,1.691275124855692
44.000000000000355,1.6598909598146796
44.10000000000036,1.6241684277111859
44.20000000000036,1.5843512521161296
44.30000000000036,1.5406875421674782
44.40000000000036,1.493430848230129
44.50000000000036,1.4428431814281781
44.600000000000364,1.3891948932049631
44.700000000000365,1.3327772219205223
44.80000000000037,1.273922329079809
44.90000000000037,1.21299521320886
45.00000000000037,1.15034336497089
45.10000000000037,1.0862804107059125
45.20000000000037,1.021136032308451
45.300000000000374,0.9552493068272123
45.400000000000375,0.8889194481622955
45.50000000000038,0.8224053763924204
45.60000000000038,0.7559500676417417
45.70000000000038,0.689773376472395
45.80000000000038,0.6240601068603843
45.90000000000038,0.5589491332311418
46.000000000000384,0.494526729208081
46.100000000000385,0.43081782916131195
46.20000000000039,0.3677800932694477
46.30000000000039,0.30531017117899834
46.40000000000039,0.24324395284517322
46.50000000000039,0.18135684576508318
46.60000000000039,0.1193767188404021
46.700000000000394,0.05700721225401454
46.800000000000395,-0.006050272012213427
46.9000000000004,-0.07007701433380187
47.0000000000004,-0.13531779244083417
47.1000000000004,-0.2019661964052294
47.2000000000004,-0.2701563374325687
47.3000000000004,-0.33995681679173834
47.400000000000404,-0.41136959402328144
47.500000000000405,-0.48433136331486726
47.600000000000406,-0.5587145438065443
47.70000000000041,-0.6343291515968611
47.80000000000041,-0.7109308202643438
47.90000000000041,-0.7882334076408689
48.00000000000041,-0.865910650219008
48.10000000000041,-0.9436003459721278
48.200000000000415,-1.02091517454517
48.300000000000416,-1.0974311682190638
48.40000000000042,-1.1726871517666042
48.50000000000042,-1.246188019504327
48.60000000000042,-1.3173912899170888
48.70000000000042,-1.3857651337542498
48.80000000000042,-1.4508396376985266
48.900000000000425,-1.5121477522199962
49.000000000000426,-1.5692289529615424
49.10000000000043,-1.621708148356054
49.20000000000043,-1.6692967223826274
49.30000000000043,-1.7117616046670021
49.40000000000043,-1.7489220916286798
49.50000000000043,-1.7806474629350273
49.600000000000435,-1.8068332530964168
49.700000000000436,-1.8274246099229823
49.80000000000044,-1.8424503650219557
49.90000000000044,-1.85198084775751
50.00000000000044,-1.8560943211390468
50.10000000000044,-1.8548911943451138
50.20000000000044,-1.8485019229852158
50.300000000000445,-1.8370803957560171
50.400000000000446,-1.8208002788216326
50.50000000000045,-1.7998498986203508
50.60000000000045,-1.774440344199324
50.70000000000045,-1.7448059966541185
50.80000000000045,-1.7111915557818373
50.90000000000045,-1.6738677391785868
51.000000000000455,-1.6330983323725927
51.100000000000456,-1.589125095941659
51.20000000000046,-1.5421969395315158
51.30000000000046,-1.4925574272589306
51.40000000000046,-1.4404547947197575
51.50000000000046,-1.386144849307971
51.60000000000046,-1.3298963149026872
51.700000000000465,-1.2719934203521994
51.800000000000466,-1.2127101569213043
51.90000000000047,-1.152283942573223
52.00000000000047,-1.090928399200059
52.10000000000047,-1.02887366212292
52.20000000000047,-0.9663567411921139
52.30000000000047,-0.90359290870615
52.400000000000475,-0.8407678292246096
52.500000000000476,-0.7780463573993083
52.60000000000048,-0.715583678364611
52.70000000000048,-0.6535159281587807
52.80000000000048,-0.5919485044629521
52.90000000000048,-0.5309563777243202
53.00000000000048,-0.4705823329976538
53.100000000000485,-0.41083314136825794
53.200000000000486,-0.351672880788885
53.30000000000049,-0.2930183044929879
53.40000000000049,-0.234739327366408
53.50000000000049,-0.1766599025145345
53.60000000000049,-0.11856563499350814
53.70000000000049,-0.06021843399347699
53.800000000000495,-0.001370641465268413
53.900000000000496,0.05822000109763002
54.0000000000005,0.11877624258658243
54.1000000000005,0.1804897817594675
54.2000000000005,0.2435110556487943
54.3000000000005,0.3079423650335435
54.4000000000005,0.37383253937650335
54.500000000000504,0.441173562067182
54.600000000000506,0.5098983715113969
54.70000000000051,0.5798814667933677
54.80000000000051,0.6509406458687104
54.90000000000051,0.7228436155034167
55.00000000000051,0.7953205448359036
55.10000000000051,0.868059603426092
55.200000000000514,0.9406977417098639
55.300000000000516,1.0128168914948241
55.40000000000052,1.0839510651784152
55.50000000000052,1.153594247734875
55.60000000000052,1.2212015946329273
55.70000000000052,1.2862056258362893
55.80000000000052,1.3480753766362816
55.900000000000524,1.4063341869351031
56.000000000000526,1.4605239370206784
56.10000000000053,1.5102194426121065
56.20000000000053,1.5550707935945698
56.30000000000053,1.5948147374706443
56.40000000000053,1.629250665810152
56.50000000000053,1.6582384308138323
56.600000000000534,1.6816817702848361
56.700000000000536,1.6994966053395388
56.80000000000054,1.7116272480565276
56.90000000000054,1.7180659413669612
57.00000000000054,1.7188613796627776
57.10000000000054,1.714116787131243
57.20000000000054,1.7039684344273678
57.300000000000544,1.6885748895878143
57.400000000000546,1.668118257409957
57.50000000000055,1.642800480137731
57.60000000000055,1.6128288667262358
57.70000000000055,1.5784290233121538
57.80000000000055,1.539839600854433
57.90000000000055,1.4972963191676913
58.000000000000554,1.4510531297407907
58.100000000000556,1.401374462944324
58.20000000000056,1.3485394925686276
58.30000000000056,1.292867583670387
58.40000000000056,1.2347189156171234
58.50000000000056,1.1744541469138905
58.60000000000056,1.1123963135234178
58.700000000000564,1.0488704325411473
58.800000000000566,0.9842216126973055
58.90000000000057,0.9187748807403442
59.00000000000057,0.8528159849723241
59.10000000000057,0.7866004397575755
59.20000000000057,0.7203694655087978
59.30000000000057,0.6543381386483014
59.400000000000574,0.5886796968850634
59.500000000000576,0.5235190060208086
59.60000000000058,0.4589206559645035
59.70000000000058,0.3948827561088236
59.80000000000058,0.33133749452987626
59.90000000000058,0.26815294471299084
60.00000000000058,0.20513133498578628
60.100000000000584,0.14201585723813748
60.200000000000585,0.07851240119459983
60.30000000000059,0.0143163086993508
60.40000000000059,-0.050864141445476574
60.50000000000059,-0.11728643941585407
60.60000000000059,-0.18515519374811887
60.70000000000059,-0.25460863136276496
60.800000000000594,-0.3257125222404946
60.900000000000595,-0.3984588118241138
61.0000000000006,-0.47276731852197057
61.1000000000006,-0.5484888433997732
61.2000000000006,-0.6254086577743113
61.3000000000006,-0.7032578643785582
61.4000000000006,-0.7817281260634654
61.500000000000604,-0.8604735891635343
61.600000000000605,-0.9391149821633556
61.70000000000061,-1.0172512481784461
61.80000000000061,-1.094447019112835
61.90000000000061,-1.1702277069609623
62.00000000000061,-1.2440838338106743
62.10000000000061,-1.3154590330886762
62.200000000000614,-1.3838089900849697
62.300000000000615,-1.4486542691249997
62.40000000000062,-1.5095233312034195
62.50000000000062,-1.5659552965166328
62.60000000000062,-1.617576627089202
62.70000000000062,-1.664108585285032
62.80000000000062,-1.7053317568529691
62.900000000000624,-1.7410773967776785
63.000000000000625,-1.7712206708164482
63.10000000000063,-1.795654323265523
63.20000000000063,-1.8143330273790823
63.30000000000063,-1.827299374063902
63.40000000000063,-1.83462851673981
63.50000000000063,-1.8364129091608865
63.600000000000634,-1.832768372049144
63.700000000000635,-1.8238348272743996
63.80000000000064,-1.8097750814483302
63.90000000000064,-1.7907754900710504
64.00000000000064,-1.7670544788621196
64.10000000000063,-1.738847072816447
64.20000000000063,-1.7064095578481655
64.30000000000062,-1.6700276518489716
64.40000000000062,-1.6299723038686134
64.50000000000061,-1.5865012773501919
64.6000000000006,-1.5398799785015695
64.7000000000006,-1.490370984328052
64.8000000000006,-1.4382444147462143
64.90000000000059,-1.3837777985275506
65.00000000000058,-1.327264245597972
65.10000000000058,-1.2690129061458562
65.20000000000057,-1.2093201535666849
65.30000000000057,-1.148442760276478
65.40000000000056,-1.0866141662407518
65.50000000000055,-1.0240853514484063
65.60000000000055,-0.9611128613403143
65.70000000000054,-0.897926611592052
65.80000000000054,-0.8347226957817857
65.90000000000053,-0.7716773981207551
66.00000000000053,-0.7089552684880288
66.10000000000052,-0.6466974667895975
66.20000000000051,-0.5850123219372536
66.30000000000051,-0.5239773765454276
66.4000000000005,-0.463635712406274
66.5000000000005,-0.4039914614737191
66.60000000000049,-0.34500434108013467
66.70000000000049,-0.28658554218230226
66.80000000000048,-0.22859882965734063
66.90000000000047,-0.17086229546442153
67.00000000000047,-0.1131570627196424
67.10000000000046,-0.05524227545736108
67.20000000000046,0.0031312830203237413
67.30000000000045,0.06220646957171178
67.40000000000045,0.12220612564902453
67.50000000000044,0.18332309296780613
67.60000000000043,0.2457108569375629
67.70000000000043,0.3094762155697853
67.80000000000042,0.3746743454344494
67.90000000000042,0.4413053794767611
68.00000000000041,0.5093120641963803
68.1000000000004,0.5785802562234362
68.2000000000004,0.6489397565834816
68.3000000000004,0.7201702298891115
68.40000000000039,0.7920120721729997
68.50000000000038,0.8641636493232917
68.60000000000038,0.9362722507410569
68.70000000000037,1.007929259837594
68.80000000000037,1.0786763409332756
68.90000000000036,1.14801239529014
69.00000000000036,1.2153947184465337
69.10000000000035,1.2802535026726376
69.20000000000034,1.3420482172761492
69.30000000000034,1.400294870799482
69.40000000000033,1.4545293054311088
69.50000000000033,1.5043149638937532
69.60000000000032,1.549288441744256
69.70000000000032,1.589177832670176
69.80000000000031,1.6237759995764245
69.9000000000003,1.6529316771463822
70.0000000000003,1.6765448876322637
70.10000000000029,1.6945322029420584
70.20000000000029,1.7068346858914933
70.30000000000028,1.713436698621551
70.40000000000028,1.7143803861247078
70.50000000000027,1.7097667630985585
70.60000000000026,1.6997305220696046
70.70000000000026,1.684429871137691
70.80000000000025,1.6640461680254095
70.90000000000025,1.6387774565092694
71.00000000000024,1.6088310705701443
71.10000000000024,1.5744341255883874
71.20000000000023,1.5358238223639318
71.30000000000022,1.4932345740861328
71.40000000000022,1.4469199952683642
71.50000000000021,1.3971476800107363
71.60000000000021,1.3442003721341769
71.7000000000002,1.288400472221762
71.8000000000002,1.2301111120835515
71.90000000000019,1.169692934325683
72.00000000000018,1.1074689723784963
72.10000000000018,1.0437672314519426
72.20000000000017,0.9789358704314544
72.30000000000017,0.9132963506344572
72.40000000000016,0.8471287449158208
72.50000000000016,0.7806877412055969
72.60000000000015,0.7142112114368612
72.70000000000014,0.6479077345521596
72.80000000000014,0.5819420097458213
72.90000000000013,0.5164293373834077
73.00000000000013,0.45142451855691024
73.10000000000012,0.38691466983074463
73.20000000000012,0.3228208109820784
73.30000000000011,0.25899975582410195
73.4000000000001,0.1952428659749445
73.5000000000001,0.1312849573599775
73.6000000000001,0.06682758740066101
73.70000000000009,0.001565821645972132
73.80000000000008,-0.06478665792144568
73.90000000000008,-0.13247610513746721
74.00000000000007,-0.20169115701147147
74.10000000000007,-0.2725497366015894
74.20000000000006,-0.345091021081148
74.30000000000005,-0.41927730216528186
74.40000000000005,-0.49499739034111806
74.50000000000004,-0.5720699880527479
74.60000000000004,-0.6502492699171171
74.70000000000003,-0.7292374284657304
74.80000000000003,-0.8086997018357791
74.90000000000002,-0.8882666065944927
75.00000000000001,-0.9675388827647171
75.10000000000001,-1.046091910856576
75.2,-1.1234657343626928
75.3,-1.199164224964375
75.39999999999999,-1.2726453171878367
75.49999999999999,-1.3433344102417435
75.59999999999998,-1.4107073404941508
75.69999999999997,-1.4742866053268897
75.79999999999997,-1.533592360484748
75.89999999999996,-1.588196821372999
75.99999999999996,-1.637770427876164
76.09999999999995,-1.6820698878457447
76.19999999999995,-1.7209012517934632
76.29999999999994,-1.7541171660297883
76.39999999999993,-1.7816066433714937
76.49999999999993,-1.8032892957945805
76.59999999999992,-1.8191677483554167
76.69999999999992,-1.829311230513968
76.79999999999991,-1.8338122052814758
76.8999999999999,-1.8327807588857052
76.9999999999999,-1.8263494374729126
77.0999999999999,-1.8146754263387637
77.19999999999989,-1.7979372762976635
77.29999999999988,-1.776346087702163
77.39999999999988,-1.7501368583899657
77.49999999999987,-1.7195530462808293
77.59999999999987,-1.684874806517409
77.69999999999986,-1.6463868481996355
77.79999999999986,-1.6043497726564084
77.89999999999985,-1.5590315199661142
77.99999999999984,-1.5106948230289268
78.09999999999984,-1.459603971582664
78.19999999999983,-1.4060326067662925
78.29999999999983,-1.350267967406154
78.39999999999982,-1.2926164826504563
78.49999999999982,-1.2333847724690317
78.59999999999981,-1.1728502118690232
78.6999999999998,-1.1112499056955263
78.7999999999998,-1.048828475900301
78.89999999999979,-0.9858471017860064
78.99999999999979,-0.9225508117587048
79.09999999999978,-0.8591549059226606
79.19999999999978,-0.7958455400277277
79.29999999999977,-0.7327978348222085
79.39999999999976,-0.6701712493871752
79.49999999999976,-0.6080948725419033
79.59999999999975,-0.5466654638826276
79.69999999999975,-0.48594680766082327
79.79999999999974,-0.42596595984027485
79.89999999999974,-0.36670655244056816
79.99999999999973,-0.30810334166342124
80.09999999999972,-0.25004092448732673
80.19999999999972,-0.19235593180527866
80.29999999999971,-0.1348420691069171
80.39999999999971,-0.07726376357948006
80.4999999999997,-0.01937174773293273
80.5999999999997,0.03908287109254172
80.69999999999969,0.09833452290364195
80.79999999999968,0.15859183149403738
80.89999999999968,0.22002815690526167
80.99999999999967,0.28277340314191796
81.09999999999967,0.34690911399221447
81.19999999999966,0.4124637329881584
81.29999999999966,0.479409325620771
81.39999999999965,0.5476613690625084
81.49999999999964,0.6170785799595568
81.59999999999964,0.6874659886136124
81.69999999999963,0.7585845368774272
81.79999999999963,0.8301540132020064
81.89999999999962,0.9018458458280286
81.99999999999962,0.973275688559124
82.09999999999961,1.0440037213055704
82.1999999999996,1.1135423331172398
82.2999999999996,1.1813638067190793
82.3999999999996,1.2469053654274591
82.49999999999959,1.3096015264043765
82.59999999999958,1.3689403750429048
82.69999999999958,1.4244522646312887
82.79999999999957,1.4756875477370839
82.89999999999957,1.5222496541694073
82.99999999999956,1.5638296504427864
83.09999999999955,1.6001963830921104
83.19999999999955,1.6311760166675635
83.29999999999954,1.6566566881427212
83.39999999999954,1.676554536474679
83.49999999999953,1.6908017080390148
83.59999999999953,1.6993729479076505
83.69999999999952,1.7022882467631473
83.79999999999951,1.6996246294586517
83.89999999999951,1.6915072597906762
83.9999999999995,1.678085829321703
84.0999999999995,1.6595308701135212
84.19999999999949,1.6360251650911426
84.29999999999949,1.607767159228592
84.39999999999948,1.5749799279941101
84.49999999999947,1.53789339057413
84.59999999999947,1.496736368167536
84.69999999999946,1.451757742670704
84.79999999999946,1.403218854630045
84.89999999999945,1.3513961975023085
84.99999999999945,1.2966077329549
85.09999999999944,1.2392121510212928
85.19999999999943,1.1795721452054013
85.29999999999943,1.118015353810734
85.39999999999942,1.0548675140876318
85.49999999999942,0.9904765402326928
85.59999999999941,0.925173387813973
85.6999999999994,0.8592482892556726
85.7999999999994,0.7929595022922205
85.8999999999994,0.7265505899647328
85.99999999999939,0.6602391745750636
86.09999999999938,0.59420110050494
86.19999999999938,0.5285639830125093
86.29999999999937,0.46339592902300325
86.39999999999937,0.39869937306514636
86.49999999999936,0.3344104603389134
86.59999999999935,0.27040121368694653
86.69999999999935,0.20647796176936928
86.79999999999934,0.1423874890164079
86.89999999999934,0.07783763167883477
86.99999999999933,0.012524918242784011
87.09999999999933,-0.05384019324506116
87.19999999999932,-0.12151127031402435
87.29999999999932,-0.19068690853530587
87.39999999999931,-0.26149618748920667
87.4999999999993,-0.33399128493931185
87.5999999999993,-0.408147315756893
87.69999999999929,-0.4838638177173188
87.79999999999929,-0.5609692221602947
87.89999999999928,-0.6392257485306226
87.99999999999928,-0.7183414328443983
88.09999999999927,-0.7979870037779944
88.19999999999926,-0.8777969854899931
88.29999999999926,-0.9573719764184356
88.39999999999925,-1.0362912320870825
88.49999999999925,-1.1140978708078986
88.59999999999924,-1.1902946493282573
88.69999999999924,-1.2643429526294043
88.79999999999923,-1.33566379643378
88.89999999999922,-1.4037198765483945
88.99999999999922,-1.4680277659062724
89.09999999999921,-1.528103282526077
89.1999999999992,-1.5835056782174382
89.2999999999992,-1.6338922822596276
89.3999999999992,-1.6790080072895173
89.49999999999919,-1.7186510986046102
89.59999999999918,-1.7526704552398538
89.69999999999918,-1.780951416127741
89.79999999999917,-1.8034076631286764
89.89999999999917,-1.8200323381442312
89.99999999999916,-1.8308926580670106
90.09999999999916,-1.8360806586554397
90.19999999999915,-1.8357034735593054
90.29999999999914,-1.8298920700748682
90.39999999999914,-1.8188031331787073
90.49999999999913,-1.802613458570589
90.59999999999913,-1.7815291366960295
90.69999999999912,-1.7557855954959412
90.79999999999912,-1.7256254100489503
90.89999999999911,-1.6913247733281767
90.9999999999991,-1.6531745813597944
91.0999999999991,-1.6114397489535401
91.1999999999991,-1.566386299728363
91.29999999999909,-1.5182780773521074
91.39999999999908,-1.4673796196235243
91.49999999999908,-1.4139648103558902
91.59999999999907,-1.358319688153379
91.69999999999906,-1.3007490925607488
91.79999999999906,-1.2415622948008898
91.89999999999905,-1.18104182085547
91.99999999999905,-1.1194273867447704
92.09999999999904,-1.0569615857504153
92.19999999999904,-0.9939051347199398
92.29999999999903,-0.930506591840335
92.39999999999903,-0.8669861644883883
92.49999999999902,-0.8035323624771454
92.59999999999901,-0.7403211685335243
92.69999999999901,-0.6775151814994723
92.799999999999,-0.6152483622892801
92.899999999999,-0.5536214053636066
92.99999999999899,-0.49270229532927895
93.09999999999899,-0.43252283664781344
93.19999999999898,-0.37307192832337566
93.29999999999897,-0.31429023076985674
93.39999999999897,-0.256067493879011
93.49999999999896,-0.19824485577371231
93.59999999999896,-0.1406197750624517
93.69999999999895,-0.08295839265813326
93.79999999999895,-0.02501122947230422
93.89999999999894,0.03347148841823941
93.99999999999893,0.09272654113615159
94.09999999999893,0.15296591774414794
94.19999999999892,0.2143668104953061
94.29999999999892,0.2770639066017004
94.39999999999891,0.34114329610806643
94.4999999999989,0.4066386432327217
94.5999999999989,0.47352781128498966
94.6999999999989,0.5417313222062183
94.79999999999889,0.6111130794750488
94.89999999999888,0.6814824722569466
94.99999999999888,0.7526038022242821
95.09999999999887,0.8242003978963299
95.19999999999887,0.8959476671525453
95.29999999999886,0.9674655784450561
95.39999999999885,1.0383175308039085
95.49999999999885,1.1080182698092518
95.59999999999884,1.1760419353087823
95.69999999999884,1.2418270471283541
95.79999999999883,1.3048050577454688
95.89999999999883,1.364460006859706
95.99999999999882,1.4203198139771216
96.09999999999881,1.4719309613547193
96.19999999999881,1.5188904771936154
96.2999999999988,1.5608821586485409
96.3999999999988,1.5976673870423626
96.49999999999879,1.6290678553598785
96.59999999999879,1.6549701911226202
96.69999999999878,1.6752883924550042
96.79999999999878,1.6899523327816213
96.89999999999877,1.6989342987334837
96.99999999999876,1.702250812990382
97.09999999999876,1.6999743523854116
97.19999999999875,1.6922279133239213
97.29999999999875,1.6791599384330589
97.39999999999874,1.6609401175892504
97.49999999999874,1.637751159205973
97.59999999999873,1.6097903297710912
97.69999999999872,1.5772798632103573
97.79999999999872,1.5404496254246367
97.89999999999871,1.4995287591766755
97.9999999999987,1.4547668338674418
98.0999999999987,1.4064243491936899
98.1999999999987,1.3547759752168698
98.29999999999869,1.3001379905406103
98.39999999999868,1.2428687364176525
98.49999999999868,1.1833329443707603
98.59999999999867,1.1218604746372953
98.69999999999867,1.0587767917352557
98.79999999999866,0.9944305379699817
98.89999999999866,0.9291557119389562
98.99999999999865,0.8632448751636699
99.09999999999864,0.7969578631047449
99.19999999999864,0.7305400537270142
99.29999999999863,0.6642108978316772
99.39999999999863,0.5981490156525754
99.49999999999862,0.5324854647271028
99.59999999999862,0.46729210925312303
99.69999999999861,0.40257589548897627
99.7999999999986,0.3382774257215294
99.8999999999986,0.27427296369307164
99.9999999999986,0.21037361940080246
