"Time","Upstream Lift Monitor: Upstream Lift Monitor (N)"
0.1,-0.0019386425305927338
0.2,0.0021753679407716317
0.30000000000000004,0.0036077038262637613
0.4,-0.0012345552484387266
0.5,-3.0399750477283624E-4
0.6,-5.336969956107112E-5
0.7,-4.37964903060153E-4
0.7999999999999999,-4.050643569949203E-4
0.8999999999999999,-3.033138996561555E-4
0.9999999999999999,-1.732206250040641E-4
1.0999999999999999,9.11552829347068E-5
1.2,3.06738763445568E-4
1.3,5.643740855922727E-4
1.4000000000000001,8.521177981428243E-4
1.5000000000000002,9.796856290609879E-4
1.6000000000000003,0.0010040602121196254
1.7000000000000004,0.0010775657520717776
1.8000000000000005,0.0010493866958970295
1.9000000000000006,9.333685595048226E-4
2.0000000000000004,7.520514050342515E-4
2.1000000000000005,4.7581013962408715E-4
2.2000000000000006,7.896275358895222E-5
2.3000000000000007,-4.134526511107338E-4
2.400000000000001,-0.0010303173703700738
2.500000000000001,-0.001774842622606404
2.600000000000001,-0.0025980434131823134
2.700000000000001,-0.0035106228681084997
2.800000000000001,-0.004519553943569522
2.9000000000000012,-0.005624982752845852
3.0000000000000013,-0.006870535202068165
3.1000000000000014,-0.008261716258189911
3.2000000000000015,-0.009765090984696216
3.3000000000000016,-0.011403264931706108
3.4000000000000017,-0.013181960703548292
3.5000000000000018,-0.015074824023650093
3.600000000000002,-0.017096624936485606
3.700000000000002,-0.019257438167239592
3.800000000000002,-0.021534371490001
3.900000000000002,-0.02391668511010687
4.000000000000002,-0.026420731325975454
4.100000000000001,-0.029017243531231973
4.200000000000001,-0.031714642166662026
4.300000000000001,-0.03450423247080479
4.4,-0.03738056555187014
4.5,-0.04034478321314215
4.6,-0.04338969424182558
4.699999999999999,-0.04648651008483622
4.799999999999999,-0.04965014038803103
4.899999999999999,-0.05289628541154177
4.999999999999998,-0.05613571881251965
5.099999999999998,-0.059404977026789166
5.1999999999999975,-0.06268214666377636
5.299999999999997,-0.0659349197562364
5.399999999999997,-0.06913285597395039
5.4999999999999964,-0.07226653015209088
5.599999999999996,-0.07522869143632611
5.699999999999996,-0.07813650721867706
5.799999999999995,-0.08082481151086662
5.899999999999995,-0.08327944247784537
5.999999999999995,-0.08551086340703903
6.099999999999994,-0.08744417602836976
6.199999999999994,-0.08903956116554369
6.299999999999994,-0.09030986515304813
6.399999999999993,-0.09120384990210056
6.499999999999993,-0.09162320992981941
6.5999999999999925,-0.0915331917669817
6.699999999999992,-0.0909620941397417
6.799999999999992,-0.08975942165555353
6.8999999999999915,-0.08787592943436548
6.999999999999991,-0.08524596342287974
7.099999999999991,-0.08149645005876612
7.19999999999999,-0.07654523527933907
7.29999999999999,-0.07015197154757147
7.39999999999999,-0.0620002773995224
7.499999999999989,-0.05236914175571522
7.599999999999989,-0.04094329647672771
7.699999999999989,-0.027945748056347107
7.799999999999988,-0.013837578157565138
7.899999999999988,0.0012269456846540914
7.999999999999988,0.01672746183871306
8.099999999999987,0.032520270463307306
8.199999999999987,0.04785128801941467
8.299999999999986,0.06268299163670257
8.399999999999986,0.07698588387722857
8.499999999999986,0.08991670159958391
8.599999999999985,0.101728327090337
8.699999999999985,0.11226241189328079
8.799999999999985,0.12120816662472945
8.899999999999984,0.12898145287846952
8.999999999999984,0.13577078624514646
9.099999999999984,0.1415448389704732
9.199999999999983,0.14645822680417867
9.299999999999983,0.1503668639737096
9.399999999999983,0.15372234908134008
9.499999999999982,0.15732051343414755
9.599999999999982,0.16080406859113278
9.699999999999982,0.16406073425220413
9.799999999999981,0.16752994412322392
9.89999999999998,0.1708333685373325
9.99999999999998,0.17405771987314114
10.09999999999998,0.17701776802295538
10.19999999999998,0.17945204495510217
10.29999999999998,0.18137618219844379
10.399999999999979,0.18296309447606202
10.499999999999979,0.1838393281479052
10.599999999999978,0.18378590722802596
10.699999999999978,0.1830572064818886
10.799999999999978,0.18155241030346383
10.899999999999977,0.17909572442498398
10.999999999999977,0.17590629236662764
11.099999999999977,0.17217070125390413
11.199999999999976,0.16776602018393608
11.299999999999976,0.16293264240782576
11.399999999999975,0.15792386753177948
11.499999999999975,0.15288191214736857
11.599999999999975,0.14795447971469253
11.699999999999974,0.14335896549105573
11.799999999999974,0.13974219581387276
11.899999999999974,0.13708339050934026
11.999999999999973,0.13577846108883945
12.099999999999973,0.13600673309188893
12.199999999999973,0.1379816411886924
12.299999999999972,0.14173865919919387
12.399999999999972,0.14743066168915664
12.499999999999972,0.15477677180667562
12.599999999999971,0.16355428004623013
12.69999999999997,0.1736382467531271
12.79999999999997,0.18463698094845216
12.89999999999997,0.1956851513706569
12.99999999999997,0.2064549037686666
13.09999999999997,0.21635043138688118
13.199999999999969,0.224613793999452
13.299999999999969,0.23096383297059805
13.399999999999968,0.2345169641401394
13.499999999999968,0.2347398171288726
13.599999999999968,0.23085319363772863
13.699999999999967,0.22252037317234952
13.799999999999967,0.2093079354255511
13.899999999999967,0.19106101660463815
13.999999999999966,0.16728435760000138
14.099999999999966,0.13826373277931495
14.199999999999966,0.10335302384855048
14.299999999999965,0.061362258390471276
14.399999999999965,0.01014347774485561
14.499999999999964,-0.050490450826162436
14.599999999999964,-0.11345666089587945
14.699999999999964,-0.1784640937798007
14.799999999999963,-0.24200792111062594
14.899999999999963,-0.3054569533468918
14.999999999999963,-0.3663770646732258
15.099999999999962,-0.41932357611375387
15.199999999999962,-0.4687173477319396
15.299999999999962,-0.5112978857907421
15.399999999999961,-0.5441766797026607
15.499999999999961,-0.5696034459978866
15.59999999999996,-0.58592473805559
15.69999999999996,-0.5974673524683629
15.79999999999996,-0.6071394483015633
15.89999999999996,-0.613130645101595
15.99999999999996,-0.6138171664641738
16.09999999999996,-0.6113707717290386
16.19999999999996,-0.6026221179288106
16.29999999999996,-0.5907386883417443
16.399999999999963,-0.5787647016759602
16.499999999999964,-0.5611510742991083
16.599999999999966,-0.5411024215721816
16.699999999999967,-0.5214833329173661
16.79999999999997,-0.4982669520173799
16.89999999999997,-0.47143724484942306
16.99999999999997,-0.44043082979792186
17.099999999999973,-0.40748630655882856
17.199999999999974,-0.3698322128232273
17.299999999999976,-0.3292564649035018
17.399999999999977,-0.2885207636720314
17.49999999999998,-0.2446143638895179
17.59999999999998,-0.19649724104764432
17.69999999999998,-0.15127246835631897
17.799999999999983,-0.11086016866635773
17.899999999999984,-0.07337245218006636
17.999999999999986,-0.03551643359088117
18.099999999999987,0.0038632667385568448
18.19999999999999,0.038049540747409134
18.29999999999999,0.06788398373859328
18.39999999999999,0.09129365886898227
18.499999999999993,0.10950238447151979
18.599999999999994,0.11937814706320202
18.699999999999996,0.11971852934003221
18.799999999999997,0.11142579622401813
18.9,0.09437222573932906
19.0,0.06825593377559169
19.1,0.03482009508432457
19.200000000000003,-0.0035477307344267475
19.300000000000004,-0.04368622032233738
19.400000000000006,-0.08397544556163197
19.500000000000007,-0.12215840877063812
19.60000000000001,-0.1560170290289467
19.70000000000001,-0.1843319212347938
19.80000000000001,-0.20631764790382834
19.900000000000013,-0.22142103004947877
20.000000000000014,-0.229666614902942
20.100000000000016,-0.23015122776454974
20.200000000000017,-0.22312625855336107
20.30000000000002,-0.2074077917699925
20.40000000000002,-0.18344806360520835
20.50000000000002,-0.15339572002993374
20.600000000000023,-0.11793099120365516
20.700000000000024,-0.0784013172712908
20.800000000000026,-0.03485524898808369
20.900000000000027,0.012033411262926813
21.00000000000003,0.0676154648896933
21.10000000000003,0.12352743180777472
21.20000000000003,0.1849976588955294
21.300000000000033,0.25841213262629537
21.400000000000034,0.3159278353319466
21.500000000000036,0.368634946306035
21.600000000000037,0.4289702125663255
21.70000000000004,0.4838035081092389
21.80000000000004,0.5246018241002526
21.90000000000004,0.5549163038732953
22.000000000000043,0.579641804836663
22.100000000000044,0.5981161387446026
22.200000000000045,0.6128771945012819
22.300000000000047,0.6316400042421122
22.40000000000005,0.637510681780599
22.50000000000005,0.6297302145772146
22.60000000000005,0.6205460586308117
22.700000000000053,0.6098081376660257
22.800000000000054,0.5968403173613787
22.900000000000055,0.5795673980823893
23.000000000000057,0.5599391733647271
23.10000000000006,0.5384236192194803
23.20000000000006,0.5126686016503494
23.30000000000006,0.4848529881738873
23.400000000000063,0.46007676435052525
23.500000000000064,0.4249161403946764
23.600000000000065,0.39472199895338556
23.700000000000067,0.36739696423118784
23.800000000000068,0.33796010513185804
23.90000000000007,0.30931946530746474
24.00000000000007,0.28089610496044193
24.100000000000072,0.24964976856226279
24.200000000000074,0.22027556316475164
24.300000000000075,0.18992100791483651
24.400000000000077,0.16199047084828078
24.500000000000078,0.13611703105503395
24.60000000000008,0.11326728772792766
24.70000000000008,0.08908991043553716
24.800000000000082,0.06051682382081872
24.900000000000084,0.03711646192187785
25.000000000000085,0.017801253898991017
25.100000000000087,0.0011655823583857639
25.200000000000088,-0.015218366160047542
25.30000000000009,-0.03296897021332465
25.40000000000009,-0.04738458409528536
25.500000000000092,-0.05809590264818272
25.600000000000094,-0.06466172148858762
25.700000000000095,-0.06910749078154982
25.800000000000097,-0.06954887543260818
25.900000000000098,-0.06493790128289909
26.0000000000001,-0.05464233394815103
26.1000000000001,-0.038230834326003146
26.200000000000102,-0.015627520443278642
26.300000000000104,0.012462257046948897
26.400000000000105,0.043685929731616946
26.500000000000107,0.07608016261850113
26.600000000000108,0.10798657440141593
26.70000000000011,0.1375133155926743
26.80000000000011,0.1626960615074083
26.900000000000112,0.1823640066370413
27.000000000000114,0.19566040510302293
27.100000000000115,0.20182481242385503
27.200000000000117,0.20018118589107975
27.300000000000118,0.1907356693805008
27.40000000000012,0.17320483990741367
27.50000000000012,0.1478091129433345
27.600000000000122,0.11679733729354422
27.700000000000124,0.08102229446147892
27.800000000000125,0.04044110074760554
27.900000000000126,-0.00678316190404166
28.000000000000128,-0.061915881857333196
28.10000000000013,-0.12271977046518207
28.20000000000013,-0.18535780194051207
28.300000000000132,-0.255294943461533
28.400000000000134,-0.3281767449672899
28.500000000000135,-0.38251351400485345
28.600000000000136,-0.4400344865801276
28.700000000000138,-0.4998815289091823
28.80000000000014,-0.5524630524403683
28.90000000000014,-0.5913873697306229
29.000000000000142,-0.6196851298389912
29.100000000000144,-0.6450035794448535
29.200000000000145,-0.6622756905987512
29.300000000000146,-0.6762523010724402
29.400000000000148,-0.6930850635201249
29.50000000000015,-0.7000159424896535
29.60000000000015,-0.7003253604546097
29.700000000000152,-0.6902333768687345
29.800000000000153,-0.6749469041347969
29.900000000000155,-0.6568287632653348
30.000000000000156,-0.634363045208124
30.100000000000158,-0.6116618034960336
30.20000000000016,-0.5835776683935988
30.30000000000016,-0.5513419187157582
30.400000000000162,-0.5239725412482599
30.500000000000163,-0.49039183706199385
30.600000000000165,-0.456014442181021
30.700000000000166,-0.4223455468166253
30.800000000000168,-0.38280522505406667
30.90000000000017,-0.34418372171304235
31.00000000000017,-0.3026056171213125
31.100000000000172,-0.25920734060575074
31.200000000000173,-0.2145828124177354
31.300000000000175,-0.17179009214131882
31.400000000000176,-0.12428186912535447
31.500000000000178,-0.07681729797378649
31.60000000000018,-0.038258244972051075
31.70000000000018,-0.005900282591460838
31.800000000000182,0.026964275744510494
31.900000000000183,0.06168533705243449
32.000000000000185,0.08954015843805843
32.100000000000186,0.11196338471997441
32.20000000000019,0.12721939902077764
32.30000000000019,0.13666394566449208
32.40000000000019,0.1365607092791965
32.50000000000019,0.1271556152316359
32.60000000000019,0.10979637113653619
32.700000000000195,0.08361993089523802
32.800000000000196,0.049169912567388785
32.9000000000002,0.009255033298265089
33.0000000000002,-0.03215249591378906
33.1000000000002,-0.07344236164718762
33.2000000000002,-0.11222922477254066
33.3000000000002,-0.14593576346188714
33.400000000000205,-0.17299357812974633
33.500000000000206,-0.19294125885933588
33.60000000000021,-0.20563969870171783
33.70000000000021,-0.21051650503619215
33.80000000000021,-0.20720277966756684
33.90000000000021,-0.19585982319297357
34.00000000000021,-0.17539837740975336
34.100000000000215,-0.14747213252420852
34.200000000000216,-0.114457842301738
34.30000000000022,-0.07572721679478323
34.40000000000022,-0.03325223750445408
34.50000000000022,0.010940519853109738
34.60000000000022,0.06319767550888437
34.70000000000022,0.11966215842997907
34.800000000000225,0.17686046136636568
34.900000000000226,0.2452883269465637
35.00000000000023,0.31560519362654066
35.10000000000023,0.3664085129326954
35.20000000000023,0.42466889655487944
35.30000000000023,0.48547127267477297
35.40000000000023,0.5329695046787114
35.500000000000234,0.5693101114202188
35.600000000000236,0.5935018384477614
35.70000000000024,0.6190399030409497
35.80000000000024,0.6335292244029674
35.90000000000024,0.6528343454269329
36.00000000000024,0.6676673068933597
36.10000000000024,0.6637146358920586
36.200000000000244,0.655374815872981
36.300000000000246,0.6479728402698564
36.40000000000025,0.6346564713136817
36.50000000000025,0.6182181315763848
36.60000000000025,0.5981533538096375
36.70000000000025,0.5738823501304581
36.80000000000025,0.5477563501353359
36.900000000000254,0.5217491127091556
37.000000000000256,0.4848102330986908
37.10000000000026,0.4505270448672379
37.20000000000026,0.42058305746540214
37.30000000000026,0.38808135267094596
37.40000000000026,0.3537849849093942
37.50000000000026,0.32127611176323845
37.600000000000264,0.2842407431268187
37.700000000000266,0.249531570786711
37.80000000000027,0.21217894604315893
37.90000000000027,0.17793636822716347
38.00000000000027,0.1457897778066971
38.10000000000027,0.11676235742936378
38.20000000000027,0.08776326028200973
38.300000000000274,0.053446289069600875
38.400000000000276,0.02492442168146046
38.50000000000028,0.001835621353392984
38.60000000000028,-0.01734626142522697
38.70000000000028,-0.0363553247350961
38.80000000000028,-0.0560626701173621
38.90000000000028,-0.07134225423098331
39.000000000000284,-0.08175853216453191
39.100000000000286,-0.08785040391031732
39.20000000000029,-0.09083199935552971
39.30000000000029,-0.0895401901093073
39.40000000000029,-0.08274879320114883
39.50000000000029,-0.07001986161114981
39.60000000000029,-0.05124012334710888
39.700000000000294,-0.026574331046836923
39.800000000000296,0.0032058679988140465
39.9000000000003,0.03607028128278701
40.0000000000003,0.06992515730814593
40.1000000000003,0.1031223035756389
40.2000000000003,0.13386057298696324
40.3000000000003,0.16068122141824662
40.400000000000304,0.1820137703739045
40.500000000000306,0.19722079018088953
40.60000000000031,0.20534914763213302
40.70000000000031,0.20586231431132823
40.80000000000031,0.19832686360681445
40.90000000000031,0.1829854234837935
41.00000000000031,0.15968555017934963
41.100000000000314,0.130363674385724
41.200000000000315,0.09678623540460006
41.30000000000032,0.059210084045395614
41.40000000000032,0.01623806143609466
41.50000000000032,-0.032766522879660476
41.60000000000032,-0.08796129894363414
41.70000000000032,-0.14628188178725404
41.800000000000324,-0.20946503257929772
41.900000000000325,-0.2803994451796002
42.00000000000033,-0.3395988580971494
42.10000000000033,-0.39042436264161323
42.20000000000033,-0.4480170413073159
42.30000000000033,-0.5039051062508898
42.40000000000033,-0.5496977308390665
42.500000000000334,-0.5809119179114629
42.600000000000335,-0.6082295832124508
42.70000000000034,-0.6322171663205958
42.80000000000034,-0.6467045949361656
42.90000000000034,-0.6633677116526467
43.00000000000034,-0.6769346114063176
43.10000000000034,-0.6808518428451709
43.200000000000344,-0.6778311775477122
43.300000000000345,-0.6678948030749506
43.40000000000035,-0.6516775213283292
43.50000000000035,-0.6343703634570912
43.60000000000035,-0.6140300346850983
43.70000000000035,-0.5893492885020951
43.80000000000035,-0.5635910168309703
43.900000000000354,-0.5346041131310346
44.000000000000355,-0.503794936345248
44.10000000000036,-0.4746079363081356
44.20000000000036,-0.442133456734767
44.30000000000036,-0.409744837537846
44.40000000000036,-0.3733575113829827
44.50000000000036,-0.33734790538292786
44.600000000000364,-0.29933350372136813
44.700000000000365,-0.260973844234865
44.80000000000037,-0.2184316808370445
44.90000000000037,-0.17749796761890954
45.00000000000037,-0.1361063650525278
45.10000000000037,-0.08965779800826373
45.20000000000037,-0.05037662229853722
45.300000000000374,-0.01963871996475286
45.400000000000375,0.010315184834868846
45.50000000000038,0.042497804394494354
45.60000000000038,0.07049935546992901
45.70000000000038,0.09252620245755994
45.80000000000038,0.10773743555171708
45.90000000000038,0.11779514891367288
46.000000000000384,0.11926613945056663
46.100000000000385,0.11125783531641062
46.20000000000039,0.09544219158634902
46.30000000000039,0.07119769674087596
46.40000000000039,0.03852463017134504
46.50000000000039,-7.126584132879782E-4
46.60000000000039,-0.0423111886104654
46.700000000000394,-0.08382748147642909
46.800000000000395,-0.12332173320915146
46.9000000000004,-0.15783646807214596
47.0000000000004,-0.1856261853015072
47.1000000000004,-0.20565169949322484
47.2000000000004,-0.2177112053414824
47.3000000000004,-0.22140971511065377
47.400000000000404,-0.21623336190108952
47.500000000000405,-0.20253156509866813
47.600000000000406,-0.17950681158559223
47.70000000000041,-0.14894399781069673
47.80000000000041,-0.11310447328070403
47.90000000000041,-0.07176025126749766
48.00000000000041,-0.026673723546475948
48.10000000000041,0.020315749616874358
48.200000000000415,0.07613536267966947
48.300000000000416,0.13367369271130028
48.40000000000042,0.19326081951350252
48.50000000000042,0.2662475384702267
48.60000000000042,0.3307329242303744
48.70000000000042,0.3821178446028787
48.80000000000042,0.4442268570443258
48.900000000000425,0.5044665022792548
49.000000000000426,0.5463065918215131
49.10000000000043,0.5784165918099556
49.20000000000043,0.6065151232628272
49.30000000000043,0.628725083557982
49.40000000000043,0.643280841587746
49.50000000000043,0.6599269970597597
49.600000000000435,0.6672385975117582
49.700000000000436,0.6585149910895166
49.80000000000044,0.6492681587782754
49.90000000000044,0.640636177347005
50.00000000000044,0.6271163612794539
50.10000000000044,0.6091631466534159
50.20000000000044,0.5886045857329443
50.300000000000445,0.5654247970005716
50.400000000000446,0.5416149117493515
50.50000000000045,0.5135030312031684
50.60000000000045,0.4829060238683919
50.70000000000045,0.4547194020691934
50.80000000000045,0.41553631415684
50.90000000000045,0.38758206415930274
51.000000000000455,0.357374625666812
51.100000000000456,0.3240009842551498
51.20000000000046,0.2948648506224406
51.30000000000046,0.26030993216078974
51.40000000000046,0.2283285983925496
51.50000000000046,0.19372102051501397
51.60000000000046,0.16182470759242165
51.700000000000465,0.1323142483117027
51.800000000000466,0.10560108769591593
51.90000000000047,0.07752994406508873
52.00000000000047,0.04464608639320298
52.10000000000047,0.01747429443631953
52.20000000000047,-0.004937001311688262
52.30000000000047,-0.024010017239288046
52.400000000000475,-0.044564514860490186
52.500000000000476,-0.0650390527455245
52.60000000000048,-0.08126224518998508
52.70000000000048,-0.09236835282128328
52.80000000000048,-0.10038302049956835
52.90000000000048,-0.10462589165663216
53.00000000000048,-0.10415792449489461
53.100000000000485,-0.09775033513462789
53.200000000000486,-0.08484957192548884
53.30000000000049,-0.06545671230577912
53.40000000000049,-0.03963823244224124
53.50000000000049,-0.008675485114396343
53.60000000000049,0.025009918189184247
53.70000000000049,0.05977307289478141
53.800000000000495,0.09379539196680077
53.900000000000496,0.12513414239043927
54.0000000000005,0.15240566150840118
54.1000000000005,0.17449953111528094
54.2000000000005,0.19047549892642476
54.3000000000005,0.1997346106901495
54.4000000000005,0.20147145044483797
54.500000000000504,0.19514321340475058
54.600000000000506,0.18055437827958726
54.70000000000051,0.15801343345372149
54.80000000000051,0.1287902091382021
54.90000000000051,0.09493718769468454
55.00000000000051,0.05573960949730311
55.10000000000051,0.009973573440070094
55.200000000000514,-0.04345068199244276
55.300000000000516,-0.104239772655491
55.40000000000052,-0.16762110673970412
55.50000000000052,-0.23499796723616856
55.60000000000052,-0.3094825575034419
55.70000000000052,-0.37011089511432194
55.80000000000052,-0.42504154576003583
55.900000000000524,-0.4818258204712711
56.000000000000526,-0.536434795337521
56.10000000000053,-0.5782131983539334
56.20000000000053,-0.6084589439286662
56.30000000000053,-0.6330221014878279
56.40000000000053,-0.6478011955829027
56.50000000000053,-0.6596948414684652
56.600000000000534,-0.6725358969123818
56.700000000000536,-0.6803245155027912
56.80000000000054,-0.6823484783712682
56.90000000000054,-0.6741260296091066
57.00000000000054,-0.6593053826273285
57.10000000000054,-0.6420656125896004
57.20000000000054,-0.621693770695942
57.300000000000544,-0.5979315251741084
57.400000000000546,-0.5723642344516249
57.50000000000055,-0.5475917261964682
57.60000000000055,-0.5169064230417695
57.70000000000055,-0.48747603722736016
57.80000000000055,-0.4572410356173954
57.90000000000055,-0.42154109665615325
58.000000000000554,-0.38653573723483464
58.100000000000556,-0.34984337411696426
58.20000000000056,-0.310824717598341
58.30000000000056,-0.26879208861115905
58.40000000000056,-0.2268182598390971
58.50000000000056,-0.18649457579893478
58.60000000000056,-0.14011378134810043
58.700000000000564,-0.09635433385226687
58.800000000000566,-0.06129583893824865
58.90000000000057,-0.030370938320907967
59.00000000000057,0.0014266793065979833
59.10000000000057,0.03428112240279615
59.20000000000057,0.06000684560419865
59.30000000000057,0.08033721304138862
59.400000000000574,0.09425767311385502
59.500000000000576,0.10148875577380045
59.60000000000058,0.09898920403982345
59.70000000000058,0.08776055159194705
59.80000000000058,0.06782719533907644
59.90000000000058,0.03871753755131852
60.00000000000058,0.0013174159352859136
60.100000000000584,-0.04055256475708247
60.200000000000585,-0.0829507482246912
60.30000000000059,-0.12392265409445702
60.40000000000059,-0.1605157116661332
60.50000000000059,-0.18987201124135095
60.60000000000059,-0.21057982239517017
60.70000000000059,-0.22219232904092537
60.800000000000594,-0.22447027542072784
60.900000000000595,-0.21695554108685478
61.0000000000006,-0.2003315247972429
61.1000000000006,-0.17426712967908403
61.2000000000006,-0.1406436742882669
61.3000000000006,-0.1020649306246364
61.4000000000006,-0.05793634681389169
61.500000000000604,-0.010905287692052588
61.600000000000605,0.037324566610599366
61.70000000000061,0.0948534901287808
61.80000000000061,0.15456714229231877
61.90000000000061,0.21556865409642673
62.00000000000061,0.2906902435202583
62.10000000000061,0.35659357456059426
62.200000000000614,0.4093113403284208
62.300000000000615,0.471629715786208
62.40000000000062,0.5312036631581534
62.50000000000062,0.5728078540879848
62.60000000000062,0.6038369831335008
62.70000000000062,0.6305622842106984
62.80000000000062,0.6508932549213204
62.900000000000624,0.665512162454864
63.000000000000625,0.6841196606908744
63.10000000000063,0.6880320420637952
63.20000000000063,0.678248800358291
63.30000000000063,0.6695062688616552
63.40000000000063,0.6575425947289528
63.50000000000063,0.6426981903654746
63.600000000000634,0.623618034932151
63.700000000000635,0.6024776370769033
63.80000000000064,0.5781467028931861
63.90000000000064,0.5478605368563592
64.00000000000064,0.5196200790991278
64.10000000000063,0.486519340538636
64.20000000000063,0.4471173023585956
64.30000000000062,0.4178228918880419
64.40000000000062,0.3852557808377193
64.50000000000061,0.3498821183486999
64.6000000000006,0.3176930851652625
64.7000000000006,0.2803330431980885
64.8000000000006,0.24528050187691033
64.90000000000059,0.20746597292830848
65.00000000000058,0.17258857798929164
65.10000000000058,0.14032476895639773
65.20000000000057,0.11104814134369817
65.30000000000057,0.07986542035033713
65.40000000000056,0.044363786893757924
65.50000000000055,0.014866177595175813
65.60000000000055,-0.008851904975274993
65.70000000000054,-0.02945702827805359
65.80000000000054,-0.05199966346014205
65.90000000000053,-0.07354701158697229
66.00000000000053,-0.09037725859493237
66.10000000000052,-0.1018180573085902
66.20000000000051,-0.1103421667751765
66.30000000000051,-0.11440366474044086
66.4000000000005,-0.11363203710082045
66.5000000000005,-0.10659255613071154
66.60000000000049,-0.09287027334501899
66.70000000000049,-0.07255292893008577
66.80000000000048,-0.04599243894057001
66.90000000000047,-0.014406225429677733
67.00000000000047,0.019523603452050824
67.10000000000046,0.054522241099223136
67.20000000000046,0.08856457530138734
67.30000000000045,0.11992420268526338
67.40000000000045,0.14733862854007798
67.50000000000044,0.16973274778133687
67.60000000000043,0.18621899015532783
67.70000000000043,0.1962619467373772
67.80000000000042,0.19912625640262735
67.90000000000042,0.19413745168050708
68.00000000000041,0.1810739523321166
68.1000000000004,0.16006359886753968
68.2000000000004,0.13225030908489283
68.3000000000004,0.0998353763490095
68.40000000000039,0.061870649678365294
68.50000000000038,0.017538793532305284
68.60000000000038,-0.03472927653634135
68.70000000000037,-0.09441581012092158
68.80000000000037,-0.1575041457724781
68.90000000000036,-0.2244955424550972
69.00000000000036,-0.2991915796725794
69.10000000000035,-0.36250450909445603
69.20000000000034,-0.41786047249574126
69.30000000000034,-0.4751991346197127
69.40000000000033,-0.5308237677181432
69.50000000000033,-0.575123768485007
69.60000000000032,-0.6059012781748385
69.70000000000032,-0.631877135429444
69.80000000000031,-0.6485189044908889
69.9000000000003,-0.6599007453197244
70.0000000000003,-0.6726630269468251
70.10000000000029,-0.6806210937803995
70.20000000000029,-0.6839437360641958
70.30000000000028,-0.6764209684889987
70.40000000000028,-0.6617171621034998
70.50000000000027,-0.6446851309667472
70.60000000000026,-0.6243872746223391
70.70000000000026,-0.6006241599108305
70.80000000000025,-0.5763052290244044
70.90000000000025,-0.5507854847979674
71.00000000000024,-0.5201945716804741
71.10000000000024,-0.4908361406570593
71.20000000000023,-0.46066841396957825
71.30000000000022,-0.42481561163899956
71.40000000000022,-0.3893020218734244
71.50000000000021,-0.35216406671922557
71.60000000000021,-0.31337481489310975
71.7000000000002,-0.27066536187246043
71.8000000000002,-0.22848611609263494
71.90000000000019,-0.18781617952506593
72.00000000000018,-0.14102486418339674
72.10000000000018,-0.09767593214006537
72.20000000000017,-0.06340450584608426
72.30000000000017,-0.03254982844541392
72.40000000000016,-4.4409918122787634E-4
72.50000000000016,0.031563136076239555
72.60000000000015,0.056387545655678425
72.70000000000014,0.07555977456426387
72.80000000000014,0.08861501980485087
72.90000000000013,0.09439688287550091
73.00000000000013,0.09032343605875146
73.10000000000012,0.0776165304542747
73.20000000000012,0.056154316091398954
73.30000000000011,0.025570853251430915
73.4000000000001,-0.0130530162427996
73.5000000000001,-0.05538498333352817
73.6000000000001,-0.09785595686271209
73.70000000000009,-0.13822988777918008
73.80000000000008,-0.17341729893173669
73.90000000000008,-0.20075650449364862
74.00000000000007,-0.21879437165003576
74.10000000000007,-0.22701795083907503
74.20000000000006,-0.22563063030421704
74.30000000000005,-0.21407373166846017
74.40000000000005,-0.1928770669878815
74.50000000000004,-0.16235316785537743
74.60000000000004,-0.1251188937743907
74.70000000000003,-0.08276279394727404
74.80000000000003,-0.03634855613404027
74.90000000000002,0.012624245511953108
75.00000000000001,0.06519131137491967
75.10000000000001,0.1256854641087586
75.2,0.18605102563346532
75.3,0.2540754582513685
75.39999999999999,0.3321634757779511
75.49999999999999,0.38928519938635414
75.59999999999998,0.4462849266449527
75.69999999999997,0.5100972577486339
75.79999999999997,0.5624232135567894
75.89999999999996,0.599805404042925
75.99999999999996,0.6245921250486258
76.09999999999995,0.652052852249276
76.19999999999995,0.6665840011920587
76.29999999999994,0.6835257810860405
76.39999999999993,0.6961761642535956
76.49999999999993,0.6922789313560156
76.59999999999992,0.6806036904184
76.69999999999992,0.6697713859383833
76.79999999999991,0.6561937292168448
76.8999999999999,0.6383228031286755
76.9999999999999,0.617520253393745
77.0999999999999,0.5943834751258965
77.19999999999989,0.5656603195927661
77.29999999999988,0.5351551499844102
77.39999999999988,0.5067517850519234
77.49999999999987,0.4657082498629171
77.59999999999987,0.43415082724641796
77.69999999999986,0.40189481496828006
77.79999999999986,0.3663234996245257
77.89999999999985,0.33485128281745535
77.99999999999984,0.29879440913188504
78.09999999999984,0.2634748318043349
78.19999999999983,0.22535335499763856
78.29999999999983,0.1898191119101894
78.39999999999982,0.15583985837657327
78.49999999999982,0.12497188338030982
78.59999999999981,0.09637582536140107
78.6999999999998,0.060356630120745755
78.7999999999998,0.028301859223329284
78.89999999999979,0.0018469842169960005
78.99999999999979,-0.020242154694251585
79.09999999999978,-0.042123196615468116
79.19999999999978,-0.06581842631019709
79.29999999999977,-0.0854328353281415
79.39999999999976,-0.09991853321992607
79.49999999999976,-0.11034330097999323
79.59999999999975,-0.1173997424711063
79.69999999999975,-0.11952019271448316
79.79999999999974,-0.11581073247756671
79.89999999999974,-0.10514140258230395
79.99999999999973,-0.08768155530346217
80.09999999999972,-0.06352995085947855
80.19999999999972,-0.03353633402571023
80.29999999999971,-2.1204307436163694E-4
80.39999999999971,0.03476545070895312
80.4999999999997,0.06977745539934567
80.5999999999997,0.10258703695504853
80.69999999999969,0.13200847467697374
80.79999999999968,0.15687493034685693
80.89999999999968,0.176225067433075
80.99999999999967,0.18956576486827909
81.09999999999967,0.1961545091214338
81.19999999999966,0.19508433911690037
81.29999999999966,0.18628152039290655
81.39999999999965,0.16931032608190477
81.49999999999964,0.14467361213150215
81.59999999999964,0.11488975573928989
81.69999999999963,0.07930909425344783
81.79999999999963,0.038284573062635746
81.89999999999962,-0.010678998646197275
81.99999999999962,-0.06727572972492493
82.09999999999961,-0.13052200501595743
82.1999999999996,-0.19514097664722682
82.2999999999996,-0.2670266543963239
82.3999999999996,-0.33917884511978974
82.49999999999959,-0.3960209890043405
82.59999999999958,-0.45212315413379256
82.69999999999958,-0.5082453755793317
82.79999999999957,-0.559257713662212
82.89999999999957,-0.5943004229491071
82.99999999999956,-0.6231358272591572
83.09999999999955,-0.6427363138528098
83.19999999999955,-0.6537850480724607
83.29999999999954,-0.6667203637131853
83.39999999999954,-0.6762316609423329
83.49999999999953,-0.6793910414724234
83.59999999999953,-0.6783124051318797
83.69999999999952,-0.6653424227800107
83.79999999999951,-0.6489956881517823
83.89999999999951,-0.6297210119203437
83.9999999999995,-0.6076325620652435
84.0999999999995,-0.586013621650619
84.19999999999949,-0.5600328464587894
84.29999999999949,-0.5304039250135298
84.39999999999948,-0.502063724645262
84.49999999999947,-0.4726573450174684
84.59999999999947,-0.4375719167992665
84.69999999999946,-0.4030561408365278
84.79999999999946,-0.36650134240945637
84.89999999999945,-0.3271653539884506
84.99999999999945,-0.28534016966254605
85.09999999999944,-0.24306331122006555
85.19999999999943,-0.20237870463358867
85.29999999999943,-0.1561445424586892
85.39999999999942,-0.11122680027246062
85.49999999999942,-0.07508059993532651
85.59999999999941,-0.04396215688061896
85.6999999999994,-0.012090352069827975
85.7999999999994,0.021102039342829934
85.8999999999994,0.04728230453663134
85.99999999999939,0.06801454466980258
86.09999999999938,0.08215370345877451
86.19999999999938,0.08985398809174046
86.29999999999937,0.08794747120232416
86.39999999999937,0.07716761367318231
86.49999999999936,0.05777186242540278
86.59999999999935,0.0291714824035468
86.69999999999935,-0.007815052400354447
86.79999999999934,-0.04960060430247302
86.89999999999934,-0.09190404240064584
86.99999999999933,-0.13264734807395118
87.09999999999933,-0.16887681187455217
87.19999999999932,-0.19754437738245256
87.29999999999932,-0.21724853543565353
87.39999999999931,-0.22711583201451532
87.4999999999993,-0.22721112307620817
87.5999999999993,-0.2170034087851867
87.69999999999929,-0.19728168905020424
87.79999999999929,-0.16801658354941765
87.89999999999928,-0.13154907542381855
87.99999999999928,-0.09002070128909367
88.09999999999927,-0.04367425435528928
88.19999999999926,0.005375999864786464
88.29999999999926,0.056705653662680475
88.39999999999925,0.11744814709251712
88.49999999999925,0.17847053464428364
88.59999999999924,0.2447924132191602
88.69999999999924,0.32414613658174907
88.79999999999923,0.3840061428732012
88.89999999999922,0.44037581107752516
88.99999999999922,0.5045146659481968
89.09999999999921,0.5596706222798975
89.1999999999992,0.5981949330210358
89.2999999999992,0.6244458855247319
89.3999999999992,0.6522744146901057
89.49999999999919,0.6680903908684741
89.59999999999918,0.68460427189304
89.69999999999918,0.6986478655603505
89.79999999999917,0.6965295546278106
89.89999999999917,0.6838788818560296
89.99999999999916,0.6736476032501818
90.09999999999916,0.6604408552474212
90.19999999999915,0.6427861474515031
90.29999999999914,0.6218174922908908
90.39999999999914,0.5991048409925213
90.49999999999913,0.5714037905695123
90.59999999999913,0.5397064034577396
90.69999999999912,0.5119802201248728
90.79999999999912,0.4722367437940038
90.89999999999911,0.43783274766183894
90.9999999999991,0.406292408066702
91.0999999999991,0.3715891731600432
91.1999999999991,0.3391428682529987
91.29999999999909,0.3038765792032324
91.39999999999908,0.2677997963603542
91.49999999999908,0.23014366804009168
91.59999999999907,0.19385193537999182
91.69999999999906,0.15960896144385744
91.79999999999906,0.1284734303892289
91.89999999999905,0.10014010892123353
91.99999999999905,0.06463074260791876
92.09999999999904,0.03173204037324079
92.19999999999904,0.004566527825063671
92.29999999999903,-0.017859783348499646
92.39999999999903,-0.03952062762284155
92.49999999999902,-0.06336942708258829
92.59999999999901,-0.08365450948546131
92.69999999999901,-0.09885259655775192
92.799999999999,-0.10955338204818726
92.899999999999,-0.11720576557088247
92.99999999999899,-0.1199287722710967
93.09999999999899,-0.11700603897309336
93.19999999999898,-0.10710472751034043
93.29999999999897,-0.0903375409999432
93.39999999999897,-0.06683212213079431
93.49999999999896,-0.03730828663841457
93.59999999999896,-0.004117641105581986
93.69999999999895,0.030829696563135712
93.79999999999895,0.06598395611991659
93.89999999999894,0.09915128414386787
93.99999999999893,0.12900106847885107
94.09999999999893,0.15438287114631916
94.19999999999892,0.17431592447020708
94.29999999999892,0.18826710366552316
94.39999999999891,0.19556341478747272
94.4999999999989,0.1952262695903819
94.5999999999989,0.18711431933950587
94.6999999999989,0.17090177499373804
94.79999999999889,0.1468870148835298
94.89999999999888,0.11749799103592751
94.99999999999888,0.08232544955987077
95.09999999999887,0.04181936942105742
95.19999999999887,-0.00652942037916392
95.29999999999886,-0.06261241865804448
95.39999999999885,-0.1258391224059557
95.49999999999885,-0.19033242652147517
95.59999999999884,-0.26164210458118203
95.69999999999884,-0.33495420508915474
95.79999999999883,-0.3922721448470101
95.89999999999883,-0.4485088226287137
95.99999999999882,-0.50498029300371
96.09999999999881,-0.5568894774987103
96.19999999999881,-0.592850429213508
96.2999999999988,-0.6222031147673256
96.3999999999988,-0.6423358838167788
96.49999999999879,-0.6538468186434754
96.59999999999879,-0.666751208631628
96.69999999999878,-0.6768443912079791
96.79999999999878,-0.6799828403727308
96.89999999999877,-0.6797203725569964
96.99999999999876,-0.6673904112155306
97.09999999999876,-0.6510398141202003
97.19999999999875,-0.6320042170185491
97.29999999999875,-0.6099468144011168
97.39999999999874,-0.5883262564372617
97.49999999999874,-0.5626794006410958
97.59999999999873,-0.5328963226798432
97.69999999999872,-0.5047251921443243
97.79999999999872,-0.4752368628997142
97.89999999999871,-0.44031766628238805
97.9999999999987,-0.4059977019065833
98.0999999999987,-0.36940341332800897
98.1999999999987,-0.3297964525589449
98.29999999999869,-0.28812687545341287
98.39999999999868,-0.24573163269597365
98.49999999999868,-0.20498972247219077
98.59999999999867,-0.15896224205220216
98.69999999999867,-0.11342262005340548
98.79999999999866,-0.07671868113058322
98.89999999999866,-0.04550721099860852
98.99999999999865,-0.013631072217409217
99.09999999999864,0.019771044916952384
99.19999999999864,0.04633012645617461
99.29999999999863,0.06745392836825301
99.39999999999863,0.08185907258234491
99.49999999999862,0.09007522428351775
99.59999999999862,0.08878939859276458
99.69999999999861,0.07853936270249726
99.7999999999986,0.05974963414111823
99.8999999999986,0.031860993007849676
99.9999999999986,-0.00451656440037649
